{"cameraMode":{"drawMode":0,"name":"Shaded","section":"Shading Mode"},"sceneLighting":true,"audioPlay":false,"sceneViewState":{"m_AlwaysRefresh":false,"showFog":true,"showSkybox":true,"showFlares":true,"showImageEffects":true,"showParticleSystems":true,"showVisualEffectGraphs":true,"m_FxEnabled":true},"in2DMode":false,"pivot":{"x":0.6139860153198242,"y":-1.5338549613952637,"z":0.6139793395996094},"rotation":{"x":-0.10770804435014725,"y":0.8865314722061157,"z":-0.26003026962280276,"w":-0.3672133684158325},"size":7.9435906410217289,"orthographic":false}